Inquiry Details,Unnamed: 0,Unnamed: 1,Unnamed: 2,Unnamed: 3,Unnamed: 4
S.No,Inquiry Date,Purpose Of Inquiry,Credit Facility Type,Application Amount,Inquired By
1,14-Dec-2023,New Credit Application,,1,MASRAF AL RAYAN
2,11-Dec-2023,New Credit Application,,"330,000",MASRAF AL RAYAN
3,06-Dec-2023,New Credit Application,,1,MASRAF AL RAYAN
4,05-Dec-2023,Review Existing Customer,,"330,000",MASRAF AL RAYAN
5,30-Nov-2023,New Credit Application,,"332,164",MASRAF AL RAYAN
6,30-Nov-2023,Review Existing Customer,,0,MASRAF AL RAYAN
7,23-Nov-2023,Issuing Cheque Book,,0,MASRAF AL RAYAN
